arm,cost,quarter,return
F0,1,2022Q2,-0.0410926420905450
F0,1,2022Q3,-0.02880600031892928628343829250972743103645396184664
F0,1,2022Q4,-0.08029703327742626075203677327848616183412910150252
F0,1,2023Q1,0.0216607798251399936371198658564662411368704128439
F0,1,2023Q2,-0.02856500103489382948051684141974057106212019706710
F0,1,2023Q3,-0.03152509608778808683340450073439154904424595532070
F0,1,2023Q4,0.2371856960713342438624628600773932230412327810865
F0,1,2024Q1,0.1805826258839379472787585919098062417670525851420
F0,1,2024Q2,-0.05257824718060970733884815906225284844962928584391
F0,1,2024Q3,-0.06396807355279435434911807995248727498003037976384
F0,1,2024Q4,0.0752432263574639307283263857827650038500468920468
F0,1,2025Q1,-0.01965318415047901610611814064623728371564235168249
F0,1,2025Q2,0.0241127216127842404512102968077215410707152225734
F0,1,2025Q3,0.1137237578213410735424974584932541936959269637188
F1,1,2022Q2,-0.0383538755025018
F1,1,2022Q3,-0.02770163686897404426145409923495543174256926098516
F1,1,2022Q4,-0.08351844191490241794422040680085011051232279557670
F1,1,2023Q1,0.0359660092901626934476823418784778876569972956272
F1,1,2023Q2,-0.02855539211767491961523522639647474675058652468632
F1,1,2023Q3,-0.02989938276596399510613920780350908287159989967263
F1,1,2023Q4,0.2378692447502499452411834872179816013799014304378
F1,1,2024Q1,0.1979096195587210339565974017135266862724651269686
F1,1,2024Q2,-0.05758209621624337330502246569829605962176723084228
F1,1,2024Q3,-0.06679152457589884730292215447446924342179919226987
F1,1,2024Q4,0.0820484894282861347463603068613632893131398116773
F1,1,2025Q1,-0.01775971427334111223297096302473801536485654932822
F1,1,2025Q2,0.0283564140539418582028734588246655547207678123979
F1,1,2025Q3,0.1217477293359115538872441144462644273887148819705
F2,1,2022Q2,-0.03570657541595472
F2,1,2022Q3,-0.02905216364053054140910590778245019488958445581986
F2,1,2022Q4,-0.08034361500870814137146683753316114395882952497812
F2,1,2023Q1,0.0216570377085807928936342443435475515113893417284
F2,1,2023Q2,-0.02763044017131472978137687293280227330525775068098
F2,1,2023Q3,-0.03180176510642361199870118931181804032378451849993
F2,1,2023Q4,0.2338798211910557027369515412354298418375152790576
F2,1,2024Q1,0.1828383664656443138496348205842971792225288491502
F2,1,2024Q2,-0.06271252212918422839959655881238385174006845864316
F2,1,2024Q3,-0.06640812607885490924023453151104563725157628309599
F2,1,2024Q4,0.0866743481362124846377581256052087497226306786800
F2,1,2025Q1,-0.01961225692534153337815897394352227647376579184375
F2,1,2025Q2,0.0239446791423863127026728306879855424015196766014
F2,1,2025Q3,0.1152686188525367048535988780394951953826783189729
F3,1,2022Q2,-0.03366334947031472
F3,1,2022Q3,-0.02797404601292265961858341750940104496003127364356
F3,1,2022Q4,-0.08511616251489724488224146203251979775991544000785
F3,1,2023Q1,0.0361331577963424141380132348197362479838428910410
F3,1,2023Q2,-0.02768840599519378870372702883920069345507419363169
F3,1,2023Q3,-0.03021084077205785494086606211267288594897355668761
F3,1,2023Q4,0.2347527459425104941082059658521449207276884867845
F3,1,2024Q1,0.2018767284734159547471558083186941727425390581061
F3,1,2024Q2,-0.06466613024575072013723702684901446210371977505140
F3,1,2024Q3,-0.06937972979959319814193205794498538245678040397862
F3,1,2024Q4,0.0932690366919488630309791434631746843539724384620
F3,1,2025Q1,-0.01909584161323646521444500095882089552806496668402
F3,1,2025Q2,0.0284830051792953850232044177398588625060353494666
F3,1,2025Q3,0.1232172704935017953759795635688009727885169928071
F4,1,2022Q2,-0.0115374079948192
F4,1,2022Q3,-0.01760261678067327849163834404245266579312782049023
F4,1,2022Q4,-0.04888066125192958358961352243202677977584015868036
F4,1,2023Q1,0.0139237566284426964618441884019368084033181384056
F4,1,2023Q2,0
F4,1,2023Q3,-0.00158659092933571971265836386098245274826645987094
F4,1,2023Q4,0.2041651316440953974788330908623293997793889313765
F4,1,2024Q1,0.2012197977279703622995147491979977267410627434696
F4,1,2024Q2,-0.06912776166130954124688988780809449494639511253296
F4,1,2024Q3,-0.07748095189132024578914318564415002301838048820495
F4,1,2024Q4,0.0972339165215109446284688578687413817110897975219
F4,1,2025Q1,-0.04258346639472800172010733425268159333874284943886
F4,1,2025Q2,0.0146174567740858653907046436758240250216265677907
F4,1,2025Q3,0.1293443436941142341604183344464336561482226346145
F5,1,2022Q2,-0.2194527688633396
F5,1,2022Q3,0.0505373228307801776661692476211862240946052912726
F5,1,2022Q4,-0.07426400024571811673357683637169642879972854369424
F5,1,2023Q1,0.1890410719218784368143739212848524971896252628736
F5,1,2023Q2,-0.01594861738382068032106134887028787309907686372958
F5,1,2023Q3,-0.01935968367028268764581224894527725330050095214468
F5,1,2023Q4,0.2962269130640620939583513647511355403558149864995
F5,1,2024Q1,0.2071428842168382164548510804799971573335899638547
F5,1,2024Q2,-0.06317720550286985902009490153953265779822445032645
F5,1,2024Q3,-0.05411201251931120567875490979519254100135127927449
F5,1,2024Q4,0.1423426237517822924423805195812821500675392157185
F5,1,2025Q1,-0.07446895559705836060039161735324795395123805436165
F5,1,2025Q2,0.0954566719430283283279657646416044292254470039950
F5,1,2025Q3,0.1586280469376758388684696394797432410696429803250
G0,1,2022Q2,-0.03366334947031472
G0,1,2022Q3,-0.02797404601292265961858341750940104496003127364356
G0,1,2022Q4,-0.08511616251489724488224146203251979775991544000785
G0,1,2023Q1,0.0361331577963424141380132348197362479838428910410
G0,1,2023Q2,-0.02768840599519378870372702883920069345507419363169
G0,1,2023Q3,-0.03021084077205785494086606211267288594897355668761
G0,1,2023Q4,0.2347527459425104941082059658521449207276884867845
G0,1,2024Q1,0.2018767284734159547471558083186941727425390581061
G0,1,2024Q2,-0.06466613024575072013723702684901446210371977505140
G0,1,2024Q3,-0.06937972979959319814193205794498538245678040397862
G0,1,2024Q4,0.0932690366919488630309791434631746843539724384620
G0,1,2025Q1,-0.01909584161323646521444500095882089552806496668402
G0,1,2025Q2,0.0284830051792953850232044177398588625060353494666
G0,1,2025Q3,0.1232172704935017953759795635688009727885169928074
G1,1,2022Q2,-0.0324238033804978
G1,1,2022Q3,-0.02112984130960329745756775117872202335135693369733
G1,1,2022Q4,-0.08902898132931354099978546243909369661788636667243
G1,1,2023Q1,0.0487354735610269941544244471836367844366027632331
G1,1,2023Q2,-0.02788558250548181974564024125193882721762111090006
G1,1,2023Q3,-0.00864942954374523900227419960618239881045027442199
G1,1,2023Q4,0.2195053179913135167372509440315554770321975928877
G1,1,2024Q1,0.2964882510797021274633791098698679722284539400935
G1,1,2024Q2,-0.06661771406458025559958685388010319052843389660785
G1,1,2024Q3,-0.06178662683284784772643680037058420407605918403875
G1,1,2024Q4,0.1402109028263423323008759046614345521544579726513
G1,1,2025Q1,-0.02062586897001391585834702481184396327036104707696
G1,1,2025Q2,0.0226995965532320461601489975493620399764523785091
G1,1,2025Q3,0.1627645717255940917999835372456698842462441519829
G1,1.5,2022Q2,-0.0329672791481130
G1,1.5,2022Q3,-0.02166152284933360919209614713571717563496228173116
G1,1.5,2022Q4,-0.09209359001026403973824910038733040276391156435884
G1,1.5,2023Q1,0.0476535223249579374765393333740954655712672983527
G1,1.5,2023Q2,-0.03280129529346489735780082511907782896691459104570
G1,1.5,2023Q3,-0.00885259927736172665994182894377354728038048975056
G1,1.5,2023Q4,0.2180666769318694373414145770020829236288205046964
G1,1.5,2024Q1,0.3008351353206586004596300866311163697814144266752
G1,1.5,2024Q2,-0.07942141888573286437940860388850500440314127462764
G1,1.5,2024Q3,-0.06329185031755608229145933544958510777108110267958
G1,1.5,2024Q4,0.1531366154724154036299281936888866064616183330590
G1,1.5,2025Q1,-0.02067578040950441009716737839401030017678958628665
G1,1.5,2025Q2,0.0214700344509701882404212554138692572786697885025
G1,1.5,2025Q3,0.1584612501879758199427461590384169508663181599032
G1,2,2022Q2,-0.03351077766990552
G1,2,2022Q3,-0.02219390922647722301730830769291039561373271400358
G1,2,2022Q4,-0.09307569104461360005419294335164620686299542598095
G1,2,2023Q1,0.0464801868884945927300039595541769746209951670946
G1,2,2023Q2,-0.03387510789707697263353943380220412596805186900957
G1,2,2023Q3,-0.00907022633129951035394295556216571597745675570812
G1,2,2023Q4,0.2620062932655814205695116593821202402521806303814
G1,2,2024Q1,0.3311134226191448323131442060468918260844041827795
G1,2,2024Q2,-0.08716937289049258431124850494627682307359285914440
G1,2,2024Q3,-0.06388454337921225891960953417074278778958525027661
G1,2,2024Q4,0.1452427529095232927103273176073174315351498751775
G1,2,2025Q1,-0.02232788883586404373602381421817016250042838083426
G1,2,2025Q2,0.0196718831338705729305221875331989077868364916230
G1,2,2025Q3,0.1600657563824532714860097672783075471530705435700
G1_H10,1,2022Q2,-0.0324238033804978
G1_H10,1,2022Q3,-0.02112984130960329745756775117872202335135693369733
G1_H10,1,2022Q4,-0.09009177875037594317426819298919223127906855240899
G1_H10,1,2023Q1,0.0487824929621950351514154751157493854131494158632
G1_H10,1,2023Q2,-0.02931196800470396220679062717120682013384174230935
G1_H10,1,2023Q3,-0.00864653806536382655663263416879042120752993781320
G1_H10,1,2023Q4,0.2304562288471671753933646708002185510416250602783
G1_H10,1,2024Q1,0.2773460664579457827611905949542734830155278118553
G1_H10,1,2024Q2,-0.06273189803236676786885037990389096660146893476550
G1_H10,1,2024Q3,-0.06192575542620197533660377269715957954774741327220
G1_H10,1,2024Q4,0.1470419181249596684253705576129041804205626345199
G1_H10,1,2025Q1,-0.01949292730094290420336617964174839448410644935612
G1_H10,1,2025Q2,0.0224714538846761039021183854214963855768713330802
G1_H10,1,2025Q3,0.1603135492489210104744277079254904719902319020177
G1_H3,1,2022Q2,-0.0324238033804978
G1_H3,1,2022Q3,-0.02112984130960329745756775117872202335135693369733
G1_H3,1,2022Q4,-0.08849643474276910789929731682556739532034130391917
G1_H3,1,2023Q1,0.0487118390698628361715493208300508572248889149551
G1_H3,1,2023Q2,-0.02702960408997217290426524574430805842935363960077
G1_H3,1,2023Q3,-0.00865218978056358956423099389441856117821984541598
G1_H3,1,2023Q4,0.2162292928868697664589156174772238413509431260974
G1_H3,1,2024Q1,0.2937919540655849845127225545334283020871387789342
G1_H3,1,2024Q2,-0.06597357273303205182615525824908870699491486236138
G1_H3,1,2024Q3,-0.06168768746175440677537862330315363809900471322240
G1_H3,1,2024Q4,0.1310494006309020487346687777050361260326789795720
G1_H3,1,2025Q1,-0.02093429092590202636636250719019169639787700984804
G1_H3,1,2025Q2,0.0233266951024315583920247933267330462624046086546
G1_H3,1,2025Q3,0.1632865432409139856482058688875125097090314873197
G1_PASSIVE,1,2022Q2,-0.2025659040595070
G1_PASSIVE,1,2022Q3,0.0327245988864103231246004047188065009495179880690
G1_PASSIVE,1,2022Q4,-0.03975430424393595028518960976292684963356328493609
G1_PASSIVE,1,2023Q1,0.0853429463864518501230255367946451337623690707276
G1_PASSIVE,1,2023Q2,-0.01173354493627768071942974806134703490113080614357
G1_PASSIVE,1,2023Q3,-0.01488703204940002524889189060023338663559504999672
G1_PASSIVE,1,2023Q4,0.1091511184966975320764656296902327366055774193980
G1_PASSIVE,1,2024Q1,0.1759711506123040323319783874766466598365111234454
G1_PASSIVE,1,2024Q2,-0.05006301293743383822751661970754026840125055844990
G1_PASSIVE,1,2024Q3,-0.00835841217236534083635613542395819763077369055016
G1_PASSIVE,1,2024Q4,0.1927077843206358037577924369829686511783844927047
G1_PASSIVE,1,2025Q1,-0.05842538151565208887989708884690134565373246227181
G1_PASSIVE,1,2025Q2,0.0535476049464720081887659581449729994571144554603
G1_PASSIVE,1,2025Q3,0.0966063659929007430543647499113462941583598236320
G1_PASSIVE,1.5,2022Q2,-0.202869423386944
G1_PASSIVE,1.5,2022Q3,0.0327321516618544036765065535507643082886619020091
G1_PASSIVE,1.5,2022Q4,-0.03976634439106952209498130885154548059753381757848
G1_PASSIVE,1.5,2023Q1,0.0853705293642013673675061526376215894719646733084
G1_PASSIVE,1.5,2023Q2,-0.01173241885742979720732863929706468251393059024310
G1_PASSIVE,1.5,2023Q3,-0.01489056427921169137957536122629613790710460836725
G1_PASSIVE,1.5,2023Q4,0.1091837599914426451540160273869800665026359009437
G1_PASSIVE,1.5,2024Q1,0.1760107523697470253577151645607756949067314627020
G1_PASSIVE,1.5,2024Q2,-0.05007667720031384278780947242296638049205446659396
G1_PASSIVE,1.5,2024Q3,-0.00834733900317818079104420790932233107961664062231
G1_PASSIVE,1.5,2024Q4,0.1949738415277812037492982027292947327502174661561
G1_PASSIVE,1.5,2025Q1,-0.07490137680658165496173005202532639322581671642788
G1_PASSIVE,1.5,2025Q2,0.0732078539316819224476328812238990435861481824327
G1_PASSIVE,1.5,2025Q3,0.1077381923763014497200615263265227333770616107759
G1_PASSIVE,2,2022Q2,-0.20841527013058992
G1_PASSIVE,2,2022Q3,0.0379808828967178794100939215120203397591323107096
G1_PASSIVE,2,2022Q4,-0.04269791555841137876550570635839142157321900361145
G1_PASSIVE,2,2023Q1,0.0912656523092454237931123134011243575763887002198
G1_PASSIVE,2,2023Q2,-0.01716549800683979749365040954076800045941295919536
G1_PASSIVE,2,2023Q3,-0.01682266142253015231391860733617318824539016517804
G1_PASSIVE,2,2023Q4,0.1170954238032215780233401736169297919482556754902
G1_PASSIVE,2,2024Q1,0.1953927522775857969122379537957494206093895396828
G1_PASSIVE,2,2024Q2,-0.05060886380980068763334172694997674935061826384960
G1_PASSIVE,2,2024Q3,-0.00907366170398045506147632705586463584273016406112
G1_PASSIVE,2,2024Q4,0.2253461443948436694954113761885870890442779224261
G1_PASSIVE,2,2025Q1,-0.07659193298687328749127230619331437100308332634917
G1_PASSIVE,2,2025Q2,0.0733665449723050505025242823974610784981853174538
G1_PASSIVE,2,2025Q3,0.1209181552066848139092447094017372253002492008136
G1_R24,1,2022Q2,-0.0324238033804978
G1_R24,1,2022Q3,-0.02112984130960329745756775117872202335135693369733
G1_R24,1,2022Q4,-0.09144424404217543274667105225509803465683245377180
G1_R24,1,2023Q1,0.0488426562634649580336250622336621160116818118997
G1_R24,1,2023Q2,-0.03173142629973235225812968845081117222211378779532
G1_R24,1,2023Q3,-0.00863758114376088930722032050787129093895542180666
G1_R24,1,2023Q4,0.2228187495892849789250902846377794069768546575870
G1_R24,1,2024Q1,0.3141929622408525633186868838924771766882004926948
G1_R24,1,2024Q2,-0.08759264421383256890723376729728853760829039721529
G1_R24,1,2024Q3,-0.06281645759782396456662343830609064511830024013149
G1_R24,1,2024Q4,0.1610043311319862273588705045566272798311108700136
G1_R24,1,2025Q1,-0.02035111575734838257816401598200657987216246264774
G1_R24,1,2025Q2,0.0220978014772516233206842664857793669361347640580
G1_R24,1,2025Q3,0.1642453377760678542523773632496676754571875932294
G1_R72,1,2022Q2,-0.0324238033804978
G1_R72,1,2022Q3,-0.02112984130960329745756775117872202335135693369733
G1_R72,1,2022Q4,-0.09109947802811582549130350336475633110081526403204
G1_R72,1,2023Q1,0.0496943607874289563109054794089233285149303514345
G1_R72,1,2023Q2,-0.03100898518196335940729093094158730493973426821379
G1_R72,1,2023Q3,-0.00861488032966223955770278888838327104684273833049
G1_R72,1,2023Q4,0.2064317630253500582733601611212239537184132087467
G1_R72,1,2024Q1,0.2659300930609008519633055003147607938277228108536
G1_R72,1,2024Q2,-0.05136041307747203188721511816374876746906923515604
G1_R72,1,2024Q3,-0.06225134780618166202800284998273544176543265540397
G1_R72,1,2024Q4,0.1327231419923714997175099182318082086594658024562
G1_R72,1,2025Q1,-0.01982268528135139683857256092346567601616789565503
G1_R72,1,2025Q2,0.0239969237555606602943768620107363947271457208174
G1_R72,1,2025Q3,0.1602013680706108146676720475202496840163855202036
