arm,month,start,end,partial_month,start_equity,end_equity,net_compound_return,cagr,sharpe,calmar,maximum_drawdown,initial_equity,final_equity,net_profit,annualized_volatility,cvar_95_4h,worst_4h_return,drawdown_duration_days,underwater_fraction,capital_weighted_exposure,holding_clock_fraction,exposure_conditional_on_holding,clock_points
BUY_HOLD,2026-03,2026-03-08T00:00:00.000000+0000,2026-04-01T00:00:00.000000+0000,true,50000.0,50970.776083007586,0.019415521660152146,0.3399711947636763,0.8758992813733076,2.5213965792551694,0.13483447925677172,50000.0,50970.776083007586,970.7760830075858,0.44943519219288114,-0.021100644565062013,-0.027705867847013343,15.0,0.8689655172413793,0.978236875013431,0.9862068965517241,0.9919185096290035,145
BUY_HOLD,2026-04,2026-04-01T00:00:00.000000+0000,2026-05-01T00:00:00.000000+0000,false,50970.776083007586,53085.669573407584,0.04149227563174307,0.640447926123187,1.4227948610977181,9.562588721963156,0.06697432512727641,50970.776083007586,53085.669573407584,2114.893490399998,0.40555279275778083,-0.020080950710501016,-0.028967804648807993,13.333333333333334,0.9337016574585635,0.9919696887814284,1.0,0.9919696887814284,181
BUY_HOLD,2026-05,2026-05-01T00:00:00.000000+0000,2026-06-01T00:00:00.000000+0000,false,53085.669573407584,52610.19814660758,-0.008956681353384122,-0.10058018283715187,-0.13153075137791317,-0.8185434731359584,0.12287702014385948,53085.669573407584,52610.19814660758,-475.4714268000025,0.3471008620752653,-0.01760410849783097,-0.027001303835812895,20.166666666666668,0.9090909090909091,0.9921802441393027,1.0,0.9921802441393027,187
BUY_HOLD,2026-06,2026-06-01T00:00:00.000000+0000,2026-07-01T00:00:00.000000+0000,false,52610.19814660758,42338.79510980759,-0.1952359694251088,-0.9289580812730475,-4.574235113053198,-4.423547119276462,0.2100029809165891,52610.19814660758,42338.79510980759,-10271.403036799995,0.5452779510270714,-0.02678392091825437,-0.03580356897979664,30.0,0.994475138121547,0.990506063507844,1.0,0.990506063507844,181
BUY_HOLD,2026-07,2026-07-01T00:00:00.000000+0000,2026-08-01T00:00:00.000000+0000,false,42338.79510980759,45159.27919000758,0.0666170133770907,1.137979095052057,2.3937461012786656,23.486214120680167,0.0484530665182874,42338.79510980759,45159.27919000758,2820.4840801999962,0.341801965226052,-0.013743321935041608,-0.02206290328547511,10.333333333333334,0.9037433155080213,0.9907206519761083,1.0,0.9907206519761083,187
BUY_HOLD,2026-08,2026-08-01T00:00:00.000000+0000,2026-09-01T00:00:00.000000+0000,false,45159.27919000758,58192.79077660758,0.2886120376669776,18.837548008832805,7.014240608157377,393.45095431815514,0.04787775401759542,45159.27919000758,58192.79077660758,13033.511586599998,0.4398604784589123,-0.015523470511211357,-0.029388703322150822,9.833333333333334,0.8449197860962567,0.9914708131250225,1.0,0.9914708131250225,187
BUY_HOLD,2026-09,2026-09-01T00:00:00.000000+0000,2026-09-08T12:00:00.000000+0000,true,58192.79077660758,59210.260724576416,0.017484467309271334,1.325965564164087,2.150978023286759,38.62280017379746,0.03433116082203824,58192.79077660758,59210.260724576416,1017.4699479688352,0.4363204966136214,-0.016490412463475046,-0.024105497414076416,2.3333333333333335,0.8913043478260869,0.9712138433930666,0.9782608695652174,0.9927963732462459,46
CASH,2026-03,2026-03-08T00:00:00.000000+0000,2026-04-01T00:00:00.000000+0000,true,50000.0,50000.0,0.0,0.0,,,0.0,50000.0,50000.0,0.0,0.0,0.0,0.0,0.0,0.0,0.0,0.0,0.0,145
CASH,2026-04,2026-04-01T00:00:00.000000+0000,2026-05-01T00:00:00.000000+0000,false,50000.0,50000.0,0.0,0.0,,,0.0,50000.0,50000.0,0.0,0.0,0.0,0.0,0.0,0.0,0.0,0.0,0.0,181
CASH,2026-05,2026-05-01T00:00:00.000000+0000,2026-06-01T00:00:00.000000+0000,false,50000.0,50000.0,0.0,0.0,,,0.0,50000.0,50000.0,0.0,0.0,0.0,0.0,0.0,0.0,0.0,0.0,0.0,187
CASH,2026-06,2026-06-01T00:00:00.000000+0000,2026-07-01T00:00:00.000000+0000,false,50000.0,50000.0,0.0,0.0,,,0.0,50000.0,50000.0,0.0,0.0,0.0,0.0,0.0,0.0,0.0,0.0,0.0,181
CASH,2026-07,2026-07-01T00:00:00.000000+0000,2026-08-01T00:00:00.000000+0000,false,50000.0,50000.0,0.0,0.0,,,0.0,50000.0,50000.0,0.0,0.0,0.0,0.0,0.0,0.0,0.0,0.0,0.0,187
CASH,2026-08,2026-08-01T00:00:00.000000+0000,2026-09-01T00:00:00.000000+0000,false,50000.0,50000.0,0.0,0.0,,,0.0,50000.0,50000.0,0.0,0.0,0.0,0.0,0.0,0.0,0.0,0.0,0.0,187
CASH,2026-09,2026-09-01T00:00:00.000000+0000,2026-09-08T12:00:00.000000+0000,true,50000.0,50000.0,0.0,0.0,,,0.0,50000.0,50000.0,0.0,0.0,0.0,0.0,0.0,0.0,0.0,0.0,0.0,46
F2,2026-03,2026-03-08T00:00:00.000000+0000,2026-04-01T00:00:00.000000+0000,true,50000.0,50000.0,0.0,0.0,,,0.0,50000.0,50000.0,0.0,0.0,0.0,0.0,0.0,0.0,0.0,0.0,0.0,145
F2,2026-04,2026-04-01T00:00:00.000000+0000,2026-05-01T00:00:00.000000+0000,false,50000.0,49520.81103704301,-0.009583779259138892,-0.11063294237104071,-1.1889123303376243,-3.888858486297202,0.028448693301869277,50000.0,49520.81103704301,-479.1889629569923,0.09481991583321432,-0.005826808870673538,-0.012628914324413043,4.5,0.6132596685082873,0.19350534910920647,0.6685082872928176,0.28945841478319306,181
F2,2026-05,2026-05-01T00:00:00.000000+0000,2026-06-01T00:00:00.000000+0000,false,49520.81103704301,49442.33024916917,-0.0015848041708186322,-0.018513857006531187,-0.07205122151048367,-0.38198236201278196,0.048467832150615564,49520.81103704301,49442.33024916917,-78.48078787383565,0.13421034818437347,-0.0075130230396592505,-0.013678009240994382,20.0,0.8877005347593583,0.34206375309218223,1.0,0.34206375309218223,187
F2,2026-06,2026-06-01T00:00:00.000000+0000,2026-07-01T00:00:00.000000+0000,false,49442.33024916917,48805.62845529467,-0.012877665568466812,-0.14598271538548935,-8.500675662355954,-11.038773885307446,0.01322454077801083,49442.33024916917,48805.62845529467,-636.7017938745048,0.01854278165749553,-0.001393411985868472,-0.0020388205437474882,30.0,0.994475138121547,0.010425945397947422,0.1712707182320442,0.0608740682912414,181
F2,2026-07,2026-07-01T00:00:00.000000+0000,2026-08-01T00:00:00.000000+0000,false,48805.62845529467,47949.09777762896,-0.017549834000197606,-0.18829039619713273,-3.010427997355377,-9.47656066572966,0.019869064615188115,48805.62845529467,47949.09777762896,-856.5306776657089,0.06851299859470807,-0.004029719805216658,-0.006405642560583402,17.0,0.8823529411764706,0.1758135859021167,0.8983957219251337,0.1956972652600942,187
F2,2026-08,2026-08-01T00:00:00.000000+0000,2026-09-01T00:00:00.000000+0000,false,47949.09777762896,52540.59640330809,0.0957577689359852,1.9371571051031045,6.340506028350602,113.39526215146674,0.017083227891087405,47949.09777762896,52540.59640330809,4591.498625679131,0.1722920320101771,-0.005908866024313142,-0.013182709584724006,9.833333333333334,0.8609625668449198,0.32137443648889596,1.0,0.32137443648889596,187
F2,2026-09,2026-09-01T00:00:00.000000+0000,2026-09-08T12:00:00.000000+0000,true,52540.59640330809,53376.32634597689,0.01590636574152393,1.1566233174388056,3.762584481345074,76.02053589203487,0.015214616733055575,52540.59640330809,53376.32634597689,835.7299426688041,0.21011890911036735,-0.007158624528206814,-0.009784689041124395,2.3333333333333335,0.8913043478260869,0.4522478680995708,0.9782608695652174,0.4622978207240057,46
F3,2026-03,2026-03-08T00:00:00.000000+0000,2026-04-01T00:00:00.000000+0000,true,50000.0,50000.0,0.0,0.0,,,0.0,50000.0,50000.0,0.0,0.0,0.0,0.0,0.0,0.0,0.0,0.0,0.0,145
F3,2026-04,2026-04-01T00:00:00.000000+0000,2026-05-01T00:00:00.000000+0000,false,50000.0,49604.89685347275,-0.007902062930546183,-0.09207159256442843,-1.0598801922637395,-3.6178829352875868,0.02544902480574862,50000.0,49604.89685347275,-395.10314652725356,0.08750921510912267,-0.005370630732415776,-0.01068596760117091,8.333333333333334,0.6243093922651933,0.183725760853238,0.6685082872928176,0.27482944392095937,181
F3,2026-05,2026-05-01T00:00:00.000000+0000,2026-06-01T00:00:00.000000+0000,false,49604.89685347275,49678.30799196613,0.0014799171684651835,0.017576557432336992,0.19626948853110784,0.3695159563792154,0.04756643692620155,49604.89685347275,49678.30799196613,73.4111384933858,0.13582822380227164,-0.007541845781732892,-0.013648553189956725,20.0,0.8877005347593583,0.34470708654922155,1.0,0.34470708654922155,187
F3,2026-06,2026-06-01T00:00:00.000000+0000,2026-07-01T00:00:00.000000+0000,false,49678.30799196613,48981.57897507254,-0.014024813747808618,-0.15798782490585228,-8.459322448324382,-10.980858561134546,0.014387565783337886,49678.30799196613,48981.57897507254,-696.7290168935942,0.02030279139994839,-0.0015210820052829292,-0.002260174985084018,30.0,0.994475138121547,0.011331600821665797,0.1712707182320442,0.0661619273781132,181
F3,2026-07,2026-07-01T00:00:00.000000+0000,2026-08-01T00:00:00.000000+0000,false,48981.57897507254,48090.700353663546,-0.018188033951750615,-0.1944813145557367,-3.2051636264996377,-10.069066167298695,0.019314732004379276,48981.57897507254,48090.700353663546,-890.8786214089923,0.06677551642584877,-0.004009505036969086,-0.006701471244442536,18.333333333333332,0.8877005347593583,0.16912797092416515,0.8983957219251337,0.18825553906439807,187
F3,2026-08,2026-08-01T00:00:00.000000+0000,2026-09-01T00:00:00.000000+0000,false,48090.700353663546,52252.58194496982,0.08654233689048696,1.658954894005384,6.301489478668287,95.02394945797514,0.017458281869657144,48090.700353663546,52252.58194496982,4161.881591306272,0.1571729075169635,-0.005811440496904685,-0.011934788246133698,9.833333333333334,0.8556149732620321,0.3147961584552633,1.0,0.3147961584552633,187
F3,2026-09,2026-09-01T00:00:00.000000+0000,2026-09-08T12:00:00.000000+0000,true,52252.58194496982,53035.48638872182,0.014983076713348087,1.0632108561658304,3.7179301826445097,76.93711375419697,0.013819219415516892,52252.58194496982,53035.48638872182,782.904443752006,0.20019371134614256,-0.006969982164811224,-0.010353598531608221,2.3333333333333335,0.8695652173913043,0.4441168720407423,0.9782608695652174,0.4539861358638699,46
F4,2026-03,2026-03-08T00:00:00.000000+0000,2026-04-01T00:00:00.000000+0000,true,50000.0,50000.0,0.0,0.0,,,0.0,50000.0,50000.0,0.0,0.0,0.0,0.0,0.0,0.0,0.0,0.0,0.0,145
F4,2026-04,2026-04-01T00:00:00.000000+0000,2026-05-01T00:00:00.000000+0000,false,50000.0,49884.19957220646,-0.002316008555869886,-0.027835361202373954,-0.9144689000439579,-3.2107647535255115,0.008669386684841962,50000.0,49884.19957220646,-115.80042779353971,0.030365699531088218,-0.0018678502868642896,-0.003672427549446744,4.5,0.6132596685082873,0.06439145271941712,0.6685082872928176,0.09632109869598762,181
F4,2026-05,2026-05-01T00:00:00.000000+0000,2026-06-01T00:00:00.000000+0000,false,49884.19957220646,49591.56570058374,-0.005866263749490397,-0.0669732069463077,-1.0684606518227737,-2.8087034124153956,0.02384488395971751,49884.19957220646,49591.56570058374,-292.6338716227183,0.0630190045238584,-0.0034879899486200184,-0.006787960666342796,21.0,0.9037433155080213,0.1684541115823327,1.0,0.1684541115823327,187
F4,2026-06,2026-06-01T00:00:00.000000+0000,2026-07-01T00:00:00.000000+0000,false,49591.56570058374,49142.75784871068,-0.009050084334558228,-0.10478055095055361,-9.054356122037289,-11.294102692279775,0.00927745689988968,49591.56570058374,49142.75784871068,-448.80785187306174,0.01221610227719539,-0.0009237647888301121,-0.001935978738336841,30.0,0.994475138121547,0.007986946107789073,0.17679558011049723,0.04517616392218195,181
F4,2026-07,2026-07-01T00:00:00.000000+0000,2026-08-01T00:00:00.000000+0000,false,49142.75784871068,48870.55371715786,-0.005539048752427278,-0.06334842555902409,-3.3368096195333017,-10.904946044347858,0.00580914617104944,49142.75784871068,48870.55371715786,-272.2041315528186,0.019555112914758564,-0.0011553980547659548,-0.001918723027008462,18.333333333333332,0.8877005347593583,0.050208596701133534,0.8983957219251337,0.055886949899476006,187
F4,2026-08,2026-08-01T00:00:00.000000+0000,2026-09-01T00:00:00.000000+0000,false,48870.55371715786,50734.34260279766,0.03813725738461238,0.5542396509120731,5.707126449182393,48.145739125305305,0.011511707182843223,48870.55371715786,50734.34260279766,1863.7888856397985,0.07780711456272925,-0.003309736018563092,-0.009000674254407981,9.833333333333334,0.8502673796791443,0.14256477047402208,1.0,0.14256477047402208,187
F4,2026-09,2026-09-01T00:00:00.000000+0000,2026-09-08T12:00:00.000000+0000,true,50734.34260279766,51413.42447632445,0.013385053174797656,0.9108116396961521,3.8469815575394692,79.85935319694251,0.011405196802057538,50734.34260279766,51413.42447632445,679.0818735267894,0.1721836183644029,-0.006193306213921927,-0.009150437155611924,2.3333333333333335,0.8478260869565217,0.3911097086522485,0.9782608695652174,0.3998010355111873,46
F5,2026-03,2026-03-08T00:00:00.000000+0000,2026-04-01T00:00:00.000000+0000,true,50000.0,50026.34601354106,0.0005269202708195753,0.008049177749174907,0.1350221643835299,0.13287491740456453,0.06057710444076936,50000.0,50026.34601354106,26.34601354105689,0.18182093650208786,-0.008848422159391425,-0.012299760137194582,15.0,0.8689655172413793,0.4072933538276331,0.9862068965517241,0.41298976437067686,145
F5,2026-04,2026-04-01T00:00:00.000000+0000,2026-05-01T00:00:00.000000+0000,false,50026.34601354106,50815.63309316606,0.015777428145789196,0.20996398618144507,1.1195788276164915,6.139113486870114,0.03420102700992589,50026.34601354106,50815.63309316606,789.2870796250063,0.18561617267917727,-0.009606883342085728,-0.013460167786475963,13.333333333333334,0.9281767955801105,0.4680761731137151,1.0,0.4680761731137151,181
F5,2026-05,2026-05-01T00:00:00.000000+0000,2026-06-01T00:00:00.000000+0000,false,50815.63309316606,51262.58698011092,0.008795598120867165,0.10868974596843439,0.6305320909411565,1.669631012748624,0.06509806366707593,50815.63309316606,51262.58698011092,446.9538869448588,0.19328832700901633,-0.009733089276797391,-0.013626289298258154,20.0,0.9037433155080213,0.5599403189767986,1.0,0.5599403189767986,187
F5,2026-06,2026-06-01T00:00:00.000000+0000,2026-07-01T00:00:00.000000+0000,false,51262.58698011092,46074.57284214699,-0.10120468832321716,-0.7272151666426085,-5.932953730171197,-6.853152596098463,0.10611396090269698,51262.58698011092,46074.57284214699,-5188.014137963932,0.2149943553378699,-0.01147364374451977,-0.016320529357883973,30.0,0.994475138121547,0.38379571634633447,1.0,0.38379571634633447,181
F5,2026-07,2026-07-01T00:00:00.000000+0000,2026-08-01T00:00:00.000000+0000,false,46074.57284214699,47038.8303814638,0.02092819270664603,0.2763909949260701,1.4541474996997394,8.523384845024333,0.03242737479904101,46074.57284214699,47038.8303814638,964.2575393168081,0.17881916546714416,-0.008028270362156776,-0.015349146116917067,10.333333333333334,0.9037433155080213,0.5482748374526663,1.0,0.5482748374526663,187
F5,2026-08,2026-08-01T00:00:00.000000+0000,2026-09-01T00:00:00.000000+0000,false,47038.8303814638,54190.75711595005,0.15204303926112184,4.299563937330447,7.033807773237589,196.7251692178197,0.021855688087221048,47038.8303814638,54190.75711595005,7151.926734486253,0.2412587059385891,-0.0073807782677274055,-0.01193170649478803,9.833333333333334,0.8449197860962567,0.562501822519056,1.0,0.562501822519056,187
F5,2026-09,2026-09-01T00:00:00.000000+0000,2026-09-08T12:00:00.000000+0000,true,54190.75711595005,55011.421642812486,0.01514399448427084,1.0792013140373111,3.7640355213271226,78.4079419508254,0.013763928591750907,54190.75711595005,55011.421642812486,820.6645268624343,0.19977167905511736,-0.006983399264955022,-0.010340086253286751,2.3333333333333335,0.8695652173913043,0.4447110255619005,0.9782608695652174,0.45459349279660943,46
