arm,mode,cost_multiplier,net_compound_return,cagr,sharpe,calmar,maximum_drawdown,initial_equity,final_equity,net_profit,annualized_volatility,cvar_95_4h,worst_4h_return,drawdown_duration_days,underwater_fraction,capital_weighted_exposure,holding_clock_fraction,exposure_conditional_on_holding,clock_points,final_cash_decimal,total_cost,fills,closed_trades,win_rate,rejections
BUY_HOLD,FROZEN_ORDERS_FUNDED,1.5,0.18253765258428079,0.3936379894384783,0.9892676566942575,1.403867818050756,0.28039533663862826,50000.0,59126.88262921413,9126.882629214131,0.4277532652896275,-0.020298636419874772,-0.035834807103081734,102.0,0.9729241877256317,0.9895761565824861,0.9972924187725631,0.9922627886818051,1108,59126.88262921413053713601488,250.14043718586947,10,5,1.0,0
BUY_HOLD,FROZEN_ORDERS_FUNDED,2,0.18087013168436283,0.3897502240251687,0.9823059299803233,1.3890782388319591,0.28058190901680224,50000.0,59043.50658421818,9043.50658421818,0.4280837188919138,-0.020314115027624594,-0.03586611086629388,102.0,0.9729241877256317,0.9903389381387917,0.9972924187725631,0.9930276411382635,1108,59043.50658421818156307452974,333.51648218181845,10,5,1.0,0
BUY_HOLD,REDECIDE_FUNDED,0,0.18754046132800029,0.40533410850462626,1.010115157446886,1.4484624446723737,0.2798374994087668,50000.0,59377.0230664,9377.023066399997,0.42679816083432376,-0.020252375878985422,-0.03574128885225436,102.0,0.9729241877256317,0.9872965230105455,0.9972924187725631,0.9899769660594427,1108,59377.02306640000000000000000,0.0,10,5,1.0,0
BUY_HOLD,REDECIDE_FUNDED,0.5,0.1858728174060984,0.40142993143552963,1.003172576144325,1.4335598910102931,0.2800231325896152,50000.0,59293.64087030504,9293.64087030504,0.42711048639457116,-0.020267766925985968,-0.03577239629604567,102.0,0.9729241877256317,0.9880549530505349,0.9972924187725631,0.9907374551855137,1108,59293.64087030503975559875002,83.38219609496025,10,5,1.0,0
BUY_HOLD,REDECIDE_FUNDED,1,0.18420521449152694,0.3975312251610772,0.996223307339013,1.4186950254525807,0.28020907808164053,50000.0,59210.260724576416,9210.260724576416,0.42742885446738993,-0.020283187079522046,-0.03580356897979664,102.0,0.9729241877256317,0.988814829566313,0.9972924187725631,0.9914993947144569,1108,59210.26072457641660131075499,166.7623418235834,10,5,1.0,0
BUY_HOLD,REDECIDE_FUNDED,1.5,0.18253765258428079,0.3936379894384783,0.9892676566942575,1.403867818050756,0.28039533663862826,50000.0,59126.88262921413,9126.882629214131,0.4277532652896275,-0.020298636419874772,-0.035834807103081734,102.0,0.9729241877256317,0.9895761565824861,0.9972924187725631,0.9922627886818051,1108,59126.88262921413053713601488,250.14043718586947,10,5,1.0,0
BUY_HOLD,REDECIDE_FUNDED,2,0.18087013168436283,0.3897502240251687,0.9823059299803233,1.3890782388319591,0.28058190901680224,50000.0,59043.50658421818,9043.50658421818,0.4280837188919138,-0.020314115027624594,-0.03586611086629388,102.0,0.9729241877256317,0.9903389381387917,0.9972924187725631,0.9930276411382635,1108,59043.50658421818156307452974,333.51648218181845,10,5,1.0,0
CASH,REDECIDE_FUNDED,1,0.0,0.0,,,0.0,50000.0,50000.0,0.0,0.0,0.0,0.0,0.0,0.0,0.0,0.0,0.0,1108,50000.0000,0.0,0,0,,0
F2,FROZEN_ORDERS_FUNDED,1.5,0.0641521406329284,0.13098954382421146,1.1946412689718462,2.002692810516202,0.065406707976571,50000.0,53207.60703164639,3207.6070316463884,0.10789292485970542,-0.005142669611113012,-0.013702097713377381,100.5,0.7915162454873647,0.18685620168457948,0.6633574007220217,0.2816825462129443,1108,53207.60703164638599300344936,639.351930383614,250,14,0.35714285714285715,5
F2,FROZEN_ORDERS_FUNDED,2,0.05988989720613214,0.12203931684356384,1.1184859241389937,1.825177441029346,0.06686435745926012,50000.0,52994.49486030667,2994.494860306673,0.1081609868343302,-0.005160994594602294,-0.013726251345387519,100.5,0.7915162454873647,0.1872383932793709,0.6633574007220217,0.28225869354223526,1108,52994.49486030667211732149814,852.4641017233279,250,14,0.2857142857142857,5
F2,REDECIDE_FUNDED,0,0.07728814887140079,0.15879499942333086,1.3888067504581771,2.5183806308208125,0.06305440785238847,50000.0,53864.40744357,3864.407443570002,0.11050192053798943,-0.0053236680285842575,-0.013661917960016257,100.33333333333333,0.7888086642599278,0.19260541773007822,0.6633574007220217,0.2903493916257506,1108,53864.40744357000000000000000,0.0,254,15,0.3333333333333333,0
F2,REDECIDE_FUNDED,0.5,0.07239706207582297,0.14840281133388,1.3071734002003357,2.2855220707716635,0.06493169032656709,50000.0,53619.85310379129,3619.853103791291,0.11051153281847713,-0.005331075618437516,-0.013670111993633882,100.5,0.7897111913357401,0.19259637589809175,0.6633574007220217,0.29033576121780363,1108,53619.85310379128810471367183,228.8893012887119,254,15,0.3333333333333333,0
F2,REDECIDE_FUNDED,1,0.06752652691953998,0.1381003288804421,1.2254713408203064,2.0672218353285836,0.06680479400919792,50000.0,53376.32634597689,3376.326345976893,0.1105266452555309,-0.0053384560264488085,-0.013678009240994382,100.5,0.7915162454873647,0.19258690261217914,0.6633574007220217,0.2903214804004006,1108,53376.32634597689793998496134,456.74243332310203,254,15,0.3333333333333333,0
F2,REDECIDE_FUNDED,1.5,0.06267986874658904,0.1278939617933863,1.1437607825634921,1.8623840145186017,0.06867217544628945,50000.0,53133.99343732945,3133.9934373294527,0.11054826008147808,-0.005345853418794949,-0.01368629499151508,101.0,0.7933212996389891,0.19257788964734024,0.6633574007220217,0.2903078935091877,1108,53133.99343732945234301557888,683.5574650105476,254,15,0.3333333333333333,0
F2,REDECIDE_FUNDED,2,0.057857505568846834,0.11778391623347373,1.0620645814267304,1.669865214022672,0.07053498404804459,50000.0,52892.875278442334,2892.875278442334,0.110576463222905,-0.005353452411510501,-0.013694434765746943,101.0,0.7933212996389891,0.19256870271146648,0.6633574007220217,0.29029404435959844,1108,52892.87527844233487630370890,909.3458538676651,254,15,0.26666666666666666,0
F3,FROZEN_ORDERS_FUNDED,1.5,0.06286940658207762,0.1282922464078451,1.2116251083340044,1.987079953672562,0.06456320299076679,50000.0,53143.47032910366,3143.4703291036567,0.10408326447038332,-0.00513902894145537,-0.013661233123356098,101.16666666666667,0.7933212996389891,0.18572508702506924,0.6633574007220217,0.2799774101003764,1108,53143.47032910365609266324699,502.2152058563439,215,14,0.35714285714285715,2
F3,FROZEN_ORDERS_FUNDED,2,0.059521384045920334,0.12126713389601385,1.1496339510593876,1.8445884027403074,0.06574211011836584,50000.0,52976.069202295876,2976.0692022958756,0.10428031997555692,-0.005152887549212946,-0.013673938512790751,101.16666666666667,0.7933212996389891,0.18601563476691085,0.6633574007220217,0.2804154058799146,1108,52976.06920229587623766384955,669.6163326641238,215,14,0.35714285714285715,2
F3,REDECIDE_FUNDED,0,0.06841357729979625,0.1399732554286579,1.300179452733107,2.228024541362039,0.06282392892453925,50000.0,53420.67886499,3420.6788649899972,0.10498919905247583,-0.005249599354043108,-0.013646273189125702,101.0,0.7915162454873647,0.18902538067921784,0.6633574007220217,0.2849525466565624,1108,53420.67886499000000000000000,0.0,217,15,0.3333333333333333,0
F3,REDECIDE_FUNDED,0.5,0.06455597439385086,0.13183937384130573,1.2319108675394728,2.0484816131379326,0.0643595592929681,50000.0,53227.798719692706,3227.798719692706,0.10499481147825644,-0.00525557796647847,-0.013647516457610975,101.16666666666667,0.7933212996389891,0.18902836749248658,0.6633574007220217,0.2849570492267689,1108,53227.79871969270647278448228,181.32475077729353,217,15,0.3333333333333333,0
F3,REDECIDE_FUNDED,1,0.06070972777443484,0.12375813448599504,1.1635497782577624,1.8781883805468078,0.06589229055392443,50000.0,53035.48638872182,3035.4863887218235,0.1050058108013719,-0.0052615344207016706,-0.013648553189956725,101.16666666666667,0.7933212996389891,0.18903007611884562,0.6633574007220217,0.2849596249519469,1108,53035.48638872181979835611912,362.0160635781802,217,15,0.3333333333333333,0
F3,REDECIDE_FUNDED,1.5,0.05687872441362862,0.11573740911130881,1.095161557106554,1.7166017609362187,0.0674223991522569,50000.0,52843.93622068125,2843.936220681251,0.10502377869872538,-0.005267521577778654,-0.013649597493653576,101.33333333333333,0.7942238267148014,0.18903304494232767,0.6633574007220217,0.28496410040285586,1108,52843.93622068125551491018573,542.0748576887445,217,15,0.3333333333333333,0
F3,REDECIDE_FUNDED,2,0.053060647420011486,0.10777203543396086,1.0267322643394616,1.5630902162346116,0.06894805834917006,50000.0,52653.03237100054,2653.0323710005396,0.1050472641920653,-0.005273483500447534,-0.0136509778838938,101.5,0.7951263537906137,0.18903507352121882,0.6633574007220217,0.2849671584510346,1108,52653.03237100053730997371343,721.5024705494627,217,15,0.3333333333333333,0
F4,FROZEN_ORDERS_FUNDED,1.5,0.026656238448954594,0.05345959838642811,0.9547459751825831,1.5260269156149784,0.035031884326158336,50000.0,51332.81192244783,1332.8119224478287,0.056199846126685944,-0.002765189489565213,-0.009161754792562093,103.0,0.7942238267148014,0.08848746421040876,0.6642599277978339,0.13321210644719145,1108,51332.81192244782678772802881,241.84008471217322,148,15,0.26666666666666666,0
F4,FROZEN_ORDERS_FUNDED,2,0.02504400352530456,0.05018708969341512,0.8983962064772812,1.4079764862932407,0.0356448351105223,50000.0,51252.200176265294,1252.2001762652944,0.05626574303092858,-0.002769754025515591,-0.009173101346068413,103.0,0.7942238267148014,0.08854685801844711,0.6642599277978339,0.13330151995168393,1108,51252.20017626529986978154321,322.45183089470015,148,15,0.26666666666666666,0
F4,REDECIDE_FUNDED,0,0.03158929230579921,0.06350398660725376,1.125008627832993,1.9060017022599236,0.0333179065537863,50000.0,51579.464615289995,1579.464615289995,0.05612594452558753,-0.002756236542387751,-0.009149784090446422,102.83333333333333,0.7933212996389891,0.08842755820149721,0.6642599277978339,0.13312192185768876,1108,51579.46461529000000000000000,0.0,148,15,0.26666666666666666,0
F4,REDECIDE_FUNDED,0.5,0.029926505106209422,0.06011304910682602,1.0680286293826176,1.7739709742403955,0.033886151453276225,50000.0,51496.32525531058,1496.3252553105776,0.056130313373122756,-0.002758143709856032,-0.009150143579785497,102.83333333333333,0.7933212996389891,0.08842850684506123,0.6642599277978339,0.1331233499787063,1108,51496.32525531057791287813091,80.67834882942209,148,15,0.26666666666666666,0
F4,REDECIDE_FUNDED,1,0.028268489526491525,0.056737178432213486,1.0110661350264862,1.6468814977801518,0.03445128171558798,50000.0,51413.42447632445,1413.4244763244496,0.0561383962949469,-0.0027606330986101385,-0.009150437155611924,102.83333333333333,0.7933212996389891,0.08842818398281022,0.6642599277978339,0.13312286393064363,1108,51413.42447632445244874660012,161.22753083554755,148,15,0.26666666666666666,0
F4,REDECIDE_FUNDED,1.5,0.026610229351113013,0.05336613944190094,0.9539473006179898,1.5239337592948807,0.035018673952464496,50000.0,51330.51146755579,1330.5114675557925,0.05615102947859051,-0.00276318538986921,-0.009150792484957648,103.0,0.7942238267148014,0.08842840672344113,0.6642599277978339,0.13312319925213692,1108,51330.51146755579130054854509,241.6387867942087,148,15,0.26666666666666666,0
F4,REDECIDE_FUNDED,2,0.02495764049243765,0.05001193249857905,0.8968850892311643,1.4041124627794495,0.035618181466447574,50000.0,51247.882024621795,1247.8820246217947,0.05616848774606556,-0.002765696930691268,-0.009151061152116169,103.0,0.7942238267148014,0.0884291541427749,0.6642599277978339,0.13312432444319916,1108,51247.88202462179079469759408,321.93519858820923,148,15,0.26666666666666666,0
F5,FROZEN_ORDERS_FUNDED,1.5,0.09719960434682817,0.20157939072078324,1.008668376596982,1.4007136784090777,0.14391191706626005,50000.0,54859.980217341654,4859.980217341654,0.20228073292527124,-0.009507265639840128,-0.01633810125978441,101.83333333333333,0.9693140794223827,0.49078573334325887,0.9972924187725631,0.492118183298037,1108,54859.98021734165339198690422,454.33777365834663,491,5,1.0,0
F5,FROZEN_ORDERS_FUNDED,2,0.09417086581905387,0.19502194324411715,0.9805965873654371,1.3489156654022627,0.14457682436800767,50000.0,54708.54329095277,4708.5432909527735,0.20254449114494824,-0.0095199945639699,-0.01635571322408369,101.83333333333333,0.970216606498195,0.49138129681043885,0.9972924187725631,0.4927153636796075,1108,54708.54329095276773882177441,605.7747000472323,491,5,1.0,0
F5,REDECIDE_FUNDED,0,0.10680267848059777,0.22248817558178335,1.0951778457556887,1.5647230734263775,0.14219012895015748,50000.0,55340.13392403,5340.13392403,0.20200530743314357,-0.009488888830844977,-0.016317804343887188,101.5,0.9675090252707581,0.49019064432251336,0.9972924187725631,0.49152147865099066,1108,55340.13392403000000000000000,0.0,492,5,1.0,0
F5,REDECIDE_FUNDED,0.5,0.10351959127725707,0.21531982497364877,1.0660298447758592,1.5087110237856167,0.14271773824080247,50000.0,55175.97956386275,5175.979563862747,0.2020128975290445,-0.009491778523612372,-0.016319183295596784,101.83333333333333,0.9684115523465704,0.49019501861340237,0.9972924187725631,0.49152586481778265,1108,55175.97956386275138958431319,151.6852241772486,492,5,1.0,0
F5,REDECIDE_FUNDED,1,0.10022843285624528,0.20815479125359526,1.0367271054377365,1.4531086844485612,0.1432479163336552,50000.0,55011.421642812486,5011.4216428124855,0.20202009246762,-0.00949457124977939,-0.016320529357883973,101.83333333333333,0.9693140794223827,0.4901920898817563,0.9972924187725631,0.4915229281348289,1108,55011.42164281248731990498510,302.8963481875127,491,5,1.0,0
F5,REDECIDE_FUNDED,1.5,0.09696685383634418,0.2010748384154455,1.0075833935324667,1.3985376574983208,0.14377506199949208,50000.0,54848.34269181712,4848.342691817117,0.202032229499729,-0.00949747353570673,-0.016321672965350253,101.83333333333333,0.9693140794223827,0.49019770747482494,0.9972924187725631,0.4915285609792815,1108,54848.34269181711890861593424,453.7006590928811,491,5,1.0,0
F5,REDECIDE_FUNDED,2,0.09371955637755192,0.19404634445697222,0.9784722337073268,1.344704540226062,0.1443040747258506,50000.0,54685.97781887773,4685.977818877727,0.20204758023025188,-0.00950039348430223,-0.016323113177779458,101.83333333333333,0.970216606498195,0.49020666009967806,0.9972924187725631,0.49153753790990345,1108,54685.97781887772688267711222,604.1032452022731,491,5,1.0,0
